id;first_name;last_name;age
2fd91947-cb33-4a97-bf12-3e45c649c026;Theodore;Willms;19477
8fc886ba-0c9d-4782-8346-cacf3e1c7f3d;Werner;Keebler;9354
3ad541bc-1191-4a7c-af4d-544c8da1cc37;Darren;Bosco;78901
109b2b39-ecb4-4ac9-a203-e2c6adae02ae;Jannie;Miller;87756
98c71b9d-5113-44bc-9d28-2878293d3c3b;Jake;O'Hara;3184
e35dd987-1aef-4726-b29d-31266e5136fa;Allene;Koch;92556
7dd3f872-4ad0-4a3d-8473-d4eb52034c10;Mattie;Sawayn;28916
e90d3f7c-bdd0-49e3-84df-97aa7eedaa1d;Pablo;Leannon;42497
ea77ee14-e2ce-4826-b90d-96c161ef48cd;Ima;Ritchie;72657
bdc38ff1-46c0-4ecd-8234-bc9b877ab23d;Kelley;Boyer;36773
